Action,Campaign,Ad Group,Keyword,Criterion Type,Max CPC,Match Type,Headline 1,Headline 2,Headline 3,Description 1,Description 2,Final URL,Campaign Type,Campaign Status,Campaign Budget,Bidding Strategy,Target Location,Language,Network,Device Preference
Add,KSK - Branded Search,Branded Keywords,[kundenservicekomfort],Keyword,2.50,Exact,KundenserviceKomfort - Jetzt Anrufen,Sofortige Hilfe Am Telefon,Professioneller Kundenservice,Direkter Kontakt zu unseren Experten. Keine Wartezeiten kompetente Beratung in deutscher Sprache. Rufen Sie jetzt an!,KundenserviceKomfort bietet schnelle professionelle Hilfe bei allen Fragen. Mo-Fr 8-20 Uhr Sa 9-18 Uhr erreichbar.,https://kundenservicekomfort.de/,Search,Enabled,20,Enhanced CPC,Germany,German,Search,All
Add,KSK - Branded Search,Branded Keywords,"kundenservicekomfort",Keyword,2.00,Phrase,Experten Beraten Sie Gerne,Ihr Zuverlässiger Partner,Schnelle Lösungen Garantiert,Vertrauen Sie unserer Expertise. Freundliche Beratung faire Preise 100% Vertraulichkeit. Kontaktieren Sie uns jetzt.,Sofortige Unterstützung durch geschulte Mitarbeiter. Kostenlose Erstberatung. Rufen Sie 030 123 456 789 an.,https://kundenservicekomfort.de/,Search,Enabled,20,Enhanced CPC,Germany,German,Search,All
Add,KSK - Generic Service,Generic Keywords,kundenservice telefon,Keyword,1.50,Broad,Kundenservice Sofort Erreichen,Professionelle Hilfe Am Telefon,Ihre Fragen - Unsere Antworten,Professioneller Kundenservice ohne Wartezeiten. Deutsche Experten lösen Ihre Probleme schnell und zuverlässig.,Kompetente Beratung am Telefon. Mo-Fr 8-20 Uhr Sa 9-18 Uhr. Kostenlose Erstberatung. Jetzt 030 123 456 789 anrufen.,https://kundenservicekomfort.de/,Search,Enabled,40,Maximize Conversions,Germany,German,Search,All
Add,KSK - Generic Service,Generic Keywords,"kundenservice deutschland",Keyword,1.80,Phrase,Expertenberatung Deutschland,Schnelle Problemlösung,Kundenservice Ohne Wartezeit,Schnelle Hilfe bei allen Fragen. Freundliche geschulte Mitarbeiter beraten Sie gerne. Vertraulich und professionell.,Ihr zuverlässiger Partner für Kundenservice. Keine versteckten Kosten transparente Beratung. Sofort erreichbar.,https://kundenservicekomfort.de/,Search,Enabled,40,Maximize Conversions,Germany,German,Search,All
Add,KSK - Generic Service,Generic Keywords,[kundenservice telefon kostenlos],Keyword,2.20,Exact,030 123 456 789 Wählen,Kompetente Beratung Jetzt,Deutsche Kundenbetreuer,Professioneller Kundenservice ohne Wartezeiten. Deutsche Experten lösen Ihre Probleme schnell und zuverlässig.,Kompetente Beratung am Telefon. Mo-Fr 8-20 Uhr Sa 9-18 Uhr. Kostenlose Erstberatung. Jetzt 030 123 456 789 anrufen.,https://kundenservicekomfort.de/,Search,Enabled,40,Maximize Conversions,Germany,German,Search,All
Add,KSK - Telecom Intercept,O2 Keywords,[o2 kundenservice anrufen],Keyword,1.80,Exact,Kundenservice Hilfe Sofort,Experten Beraten Sie Jetzt,Professionelle Unterstützung,Keine Lust auf lange Warteschleifen? Unsere Experten helfen sofort! Deutsche Kundenbetreuung ohne Wartezeiten.,Schneller Support statt endloser Warterei. Professionelle Beratung am Telefon. Jetzt 030 123 456 789 anrufen.,https://kundenservicekomfort.de/,Search,Enabled,50,Enhanced CPC,Germany,German,Search,All
Add,KSK - Telecom Intercept,O2 Keywords,"o2 kundenservice telefon",Keyword,1.60,Phrase,Schnelle Lösungen Am Telefon,Deutsche Kundenbetreuung,Kompetente Hilfe Garantiert,Kompetente Hilfe wenn andere nicht erreichbar sind. Deutsche Experten lösen Ihr Problem sofort. Kostenlose Beratung.,Direkter Draht zu echten Experten. Keine Warteschleife keine Roboter - nur professionelle Hilfe. Mo-Sa erreichbar.,https://kundenservicekomfort.de/,Search,Enabled,50,Enhanced CPC,Germany,German,Search,All
Add,KSK - Telecom Intercept,Telekom Keywords,[telekom kundendienst telefon],Keyword,1.90,Exact,Kostenlose Erstberatung,Zuverlässiger Support Service,030 123 456 789 Anrufen,Keine Lust auf lange Warteschleifen? Unsere Experten helfen sofort! Deutsche Kundenbetreuung ohne Wartezeiten.,Schneller Support statt endloser Warterei. Professionelle Beratung am Telefon. Jetzt 030 123 456 789 anrufen.,https://kundenservicekomfort.de/,Search,Enabled,50,Enhanced CPC,Germany,German,Search,All
Add,KSK - Telecom Intercept,Telekom Keywords,"telekom support anrufen",Keyword,1.70,Phrase,Keine Wartezeiten Mehr,Qualifizierte Beratung,Direkter Kontakt Möglich,Kompetente Hilfe wenn andere nicht erreichbar sind. Deutsche Experten lösen Ihr Problem sofort. Kostenlose Beratung.,Direkter Draht zu echten Experten. Keine Warteschleife keine Roboter - nur professionelle Hilfe. Mo-Sa erreichbar.,https://kundenservicekomfort.de/,Search,Enabled,50,Enhanced CPC,Germany,German,Search,All
Add,KSK - Telecom Intercept,Vodafone Keywords,[vodafone kundenservice nummer],Keyword,1.85,Exact,Mo-Sa Erreichbar,Vertrauen Sie Experten,Sofortige Problemlösung,Keine Lust auf lange Warteschleifen? Unsere Experten helfen sofort! Deutsche Kundenbetreuung ohne Wartezeiten.,Schneller Support statt endloser Warterei. Professionelle Beratung am Telefon. Jetzt 030 123 456 789 anrufen.,https://kundenservicekomfort.de/,Search,Enabled,50,Enhanced CPC,Germany,German,Search,All
Add,KSK - Telecom Intercept,Vodafone Keywords,"vodafone kundendienst nummer",Keyword,1.65,Phrase,Kundenservice Hilfe Sofort,Experten Beraten Sie Jetzt,Professionelle Unterstützung,Kompetente Hilfe wenn andere nicht erreichbar sind. Deutsche Experten lösen Ihr Problem sofort. Kostenlose Beratung.,Direkter Draht zu echten Experten. Keine Warteschleife keine Roboter - nur professionelle Hilfe. Mo-Sa erreichbar.,https://kundenservicekomfort.de/,Search,Enabled,50,Enhanced CPC,Germany,German,Search,All
Add,KSK - Telecom Intercept,1&1 Keywords,[1&1 support hotline],Keyword,1.75,Exact,Schnelle Lösungen Am Telefon,Deutsche Kundenbetreuung,Kompetente Hilfe Garantiert,Keine Lust auf lange Warteschleifen? Unsere Experten helfen sofort! Deutsche Kundenbetreuung ohne Wartezeiten.,Schneller Support statt endloser Warterei. Professionelle Beratung am Telefon. Jetzt 030 123 456 789 anrufen.,https://kundenservicekomfort.de/,Search,Enabled,50,Enhanced CPC,Germany,German,Search,All
Add,KSK - Tech Electronics,Samsung Keywords,[samsung kundenservice deutschland],Keyword,1.70,Exact,Kundenservice Hilfe Sofort,Experten Beraten Sie Jetzt,Professionelle Unterstützung,Keine Lust auf lange Warteschleifen? Unsere Experten helfen sofort! Deutsche Kundenbetreuung ohne Wartezeiten.,Schneller Support statt endloser Warterei. Professionelle Beratung am Telefon. Jetzt 030 123 456 789 anrufen.,https://kundenservicekomfort.de/,Search,Enabled,30,Enhanced CPC,Germany,German,Search,All
Add,KSK - Tech Electronics,Samsung Keywords,"samsung support deutschland",Keyword,1.50,Phrase,Schnelle Lösungen Am Telefon,Deutsche Kundenbetreuung,Kompetente Hilfe Garantiert,Kompetente Hilfe wenn andere nicht erreichbar sind. Deutsche Experten lösen Ihr Problem sofort. Kostenlose Beratung.,Direkter Draht zu echten Experten. Keine Warteschleife keine Roboter - nur professionelle Hilfe. Mo-Sa erreichbar.,https://kundenservicekomfort.de/,Search,Enabled,30,Enhanced CPC,Germany,German,Search,All
Add,KSK - Tech Electronics,Apple Keywords,[apple support telefon],Keyword,1.80,Exact,Kostenlose Erstberatung,Zuverlässiger Support Service,030 123 456 789 Anrufen,Keine Lust auf lange Warteschleifen? Unsere Experten helfen sofort! Deutsche Kundenbetreuung ohne Wartezeiten.,Schneller Support statt endloser Warterei. Professionelle Beratung am Telefon. Jetzt 030 123 456 789 anrufen.,https://kundenservicekomfort.de/,Search,Enabled,30,Enhanced CPC,Germany,German,Search,All
Add,KSK - Tech Electronics,Apple Keywords,"apple kundenservice telefon",Keyword,1.60,Phrase,Keine Wartezeiten Mehr,Qualifizierte Beratung,Direkter Kontakt Möglich,Kompetente Hilfe wenn andere nicht erreichbar sind. Deutsche Experten lösen Ihr Problem sofort. Kostenlose Beratung.,Direkter Draht zu echten Experten. Keine Warteschleife keine Roboter - nur professionelle Hilfe. Mo-Sa erreichbar.,https://kundenservicekomfort.de/,Search,Enabled,30,Enhanced CPC,Germany,German,Search,All
Add,KSK - Tech Electronics,Microsoft Keywords,[microsoft hilfe anrufen],Keyword,1.65,Exact,Mo-Sa Erreichbar,Vertrauen Sie Experten,Sofortige Problemlösung,Keine Lust auf lange Warteschleifen? Unsere Experten helfen sofort! Deutsche Kundenbetreuung ohne Wartezeiten.,Schneller Support statt endloser Warterei. Professionelle Beratung am Telefon. Jetzt 030 123 456 789 anrufen.,https://kundenservicekomfort.de/,Search,Enabled,30,Enhanced CPC,Germany,German,Search,All
Add,KSK - Tech Electronics,Amazon Keywords,[amazon kundendienst nummer],Keyword,1.55,Exact,Kundenservice Hilfe Sofort,Experten Beraten Sie Jetzt,Professionelle Unterstützung,Kompetente Hilfe wenn andere nicht erreichbar sind. Deutsche Experten lösen Ihr Problem sofort. Kostenlose Beratung.,Direkter Draht zu echten Experten. Keine Warteschleife keine Roboter - nur professionelle Hilfe. Mo-Sa erreichbar.,https://kundenservicekomfort.de/,Search,Enabled,30,Enhanced CPC,Germany,German,Search,All
Add,KSK - Banking Finance,Sparkasse Keywords,[sparkasse kundenservice anrufen],Keyword,2.00,Exact,Kundenservice Hilfe Sofort,Experten Beraten Sie Jetzt,Professionelle Unterstützung,Keine Lust auf lange Warteschleifen? Unsere Experten helfen sofort! Deutsche Kundenbetreuung ohne Wartezeiten.,Schneller Support statt endloser Warterei. Professionelle Beratung am Telefon. Jetzt 030 123 456 789 anrufen.,https://kundenservicekomfort.de/,Search,Enabled,37,Enhanced CPC,Germany,German,Search,All
Add,KSK - Banking Finance,Sparkasse Keywords,"bank kundenservice telefon",Keyword,1.70,Phrase,Schnelle Lösungen Am Telefon,Deutsche Kundenbetreuung,Kompetente Hilfe Garantiert,Kompetente Hilfe wenn andere nicht erreichbar sind. Deutsche Experten lösen Ihr Problem sofort. Kostenlose Beratung.,Direkter Draht zu echten Experten. Keine Warteschleife keine Roboter - nur professionelle Hilfe. Mo-Sa erreichbar.,https://kundenservicekomfort.de/,Search,Enabled,37,Enhanced CPC,Germany,German,Search,All
Add,KSK - Banking Finance,Commerzbank Keywords,[commerzbank kundendienst telefon],Keyword,1.95,Exact,Kostenlose Erstberatung,Zuverlässiger Support Service,030 123 456 789 Anrufen,Keine Lust auf lange Warteschleifen? Unsere Experten helfen sofort! Deutsche Kundenbetreuung ohne Wartezeiten.,Schneller Support statt endloser Warterei. Professionelle Beratung am Telefon. Jetzt 030 123 456 789 anrufen.,https://kundenservicekomfort.de/,Search,Enabled,37,Enhanced CPC,Germany,German,Search,All
Add,KSK - Banking Finance,PayPal Keywords,[paypal kundenservice deutsch],Keyword,1.80,Exact,Keine Wartezeiten Mehr,Qualifizierte Beratung,Direkter Kontakt Möglich,Kompetente Hilfe wenn andere nicht erreichbar sind. Deutsche Experten lösen Ihr Problem sofort. Kostenlose Beratung.,Direkter Draht zu echten Experten. Keine Warteschleife keine Roboter - nur professionelle Hilfe. Mo-Sa erreichbar.,https://kundenservicekomfort.de/,Search,Enabled,37,Enhanced CPC,Germany,German,Search,All
Add,KSK - Banking Finance,N26 Keywords,[n26 support telefon],Keyword,1.85,Exact,Mo-Sa Erreichbar,Vertrauen Sie Experten,Sofortige Problemlösung,Keine Lust auf lange Warteschleifen? Unsere Experten helfen sofort! Deutsche Kundenbetreuung ohne Wartezeiten.,Schneller Support statt endloser Warterei. Professionelle Beratung am Telefon. Jetzt 030 123 456 789 anrufen.,https://kundenservicekomfort.de/,Search,Enabled,37,Enhanced CPC,Germany,German,Search,All
Add,KSK - Utilities Energy,EON Keywords,[eon kundendienst telefon],Keyword,1.60,Exact,Kundenservice Hilfe Sofort,Experten Beraten Sie Jetzt,Professionelle Unterstützung,Keine Lust auf lange Warteschleifen? Unsere Experten helfen sofort! Deutsche Kundenbetreuung ohne Wartezeiten.,Schneller Support statt endloser Warterei. Professionelle Beratung am Telefon. Jetzt 030 123 456 789 anrufen.,https://kundenservicekomfort.de/,Search,Enabled,25,Enhanced CPC,Germany,German,Search,All
Add,KSK - Utilities Energy,Stadtwerke Keywords,[stadtwerke kundenservice anrufen],Keyword,1.50,Exact,Schnelle Lösungen Am Telefon,Deutsche Kundenbetreuung,Kompetente Hilfe Garantiert,Kompetente Hilfe wenn andere nicht erreichbar sind. Deutsche Experten lösen Ihr Problem sofort. Kostenlose Beratung.,Direkter Draht zu echten Experten. Keine Warteschleife keine Roboter - nur professionelle Hilfe. Mo-Sa erreichbar.,https://kundenservicekomfort.de/,Search,Enabled,25,Enhanced CPC,Germany,German,Search,All
Add,KSK - Utilities Energy,Vattenfall Keywords,[vattenfall support hotline],Keyword,1.55,Exact,Kostenlose Erstberatung,Zuverlässiger Support Service,030 123 456 789 Anrufen,Keine Lust auf lange Warteschleifen? Unsere Experten helfen sofort! Deutsche Kundenbetreuung ohne Wartezeiten.,Schneller Support statt endloser Warterei. Professionelle Beratung am Telefon. Jetzt 030 123 456 789 anrufen.,https://kundenservicekomfort.de/,Search,Enabled,25,Enhanced CPC,Germany,German,Search,All
Add,KSK - Utilities Energy,RWE Keywords,[rwe kundenservice nummer],Keyword,1.58,Exact,Keine Wartezeiten Mehr,Qualifizierte Beratung,Direkter Kontakt Möglich,Kompetente Hilfe wenn andere nicht erreichbar sind. Deutsche Experten lösen Ihr Problem sofort. Kostenlose Beratung.,Direkter Draht zu echten Experten. Keine Warteschleife keine Roboter - nur professionelle Hilfe. Mo-Sa erreichbar.,https://kundenservicekomfort.de/,Search,Enabled,25,Enhanced CPC,Germany,German,Search,All
Add,KSK - E-commerce Travel,Amazon Keywords,[amazon kundenservice deutschland],Keyword,1.65,Exact,Kundenservice Hilfe Sofort,Experten Beraten Sie Jetzt,Professionelle Unterstützung,Keine Lust auf lange Warteschleifen? Unsere Experten helfen sofort! Deutsche Kundenbetreuung ohne Wartezeiten.,Schneller Support statt endloser Warterei. Professionelle Beratung am Telefon. Jetzt 030 123 456 789 anrufen.,https://kundenservicekomfort.de/,Search,Enabled,30,Enhanced CPC,Germany,German,Search,All
Add,KSK - E-commerce Travel,Booking Keywords,[booking kundenservice telefon],Keyword,1.70,Exact,Schnelle Lösungen Am Telefon,Deutsche Kundenbetreuung,Kompetente Hilfe Garantiert,Kompetente Hilfe wenn andere nicht erreichbar sind. Deutsche Experten lösen Ihr Problem sofort. Kostenlose Beratung.,Direkter Draht zu echten Experten. Keine Warteschleife keine Roboter - nur professionelle Hilfe. Mo-Sa erreichbar.,https://kundenservicekomfort.de/,Search,Enabled,30,Enhanced CPC,Germany,German,Search,All
Add,KSK - E-commerce Travel,Check24 Keywords,[check24 kundendienst anrufen],Keyword,1.60,Exact,Kostenlose Erstberatung,Zuverlässiger Support Service,030 123 456 789 Anrufen,Keine Lust auf lange Warteschleifen? Unsere Experten helfen sofort! Deutsche Kundenbetreuung ohne Wartezeiten.,Schneller Support statt endloser Warterei. Professionelle Beratung am Telefon. Jetzt 030 123 456 789 anrufen.,https://kundenservicekomfort.de/,Search,Enabled,30,Enhanced CPC,Germany,German,Search,All
Add,KSK - E-commerce Travel,Otto Keywords,[otto kundenservice nummer],Keyword,1.55,Exact,Keine Wartezeiten Mehr,Qualifizierte Beratung,Direkter Kontakt Möglich,Kompetente Hilfe wenn andere nicht erreichbar sind. Deutsche Experten lösen Ihr Problem sofort. Kostenlose Beratung.,Direkter Draht zu echten Experten. Keine Warteschleife keine Roboter - nur professionelle Hilfe. Mo-Sa erreichbar.,https://kundenservicekomfort.de/,Search,Enabled,30,Enhanced CPC,Germany,German,Search,All
Add,KSK - E-commerce Travel,Zalando Keywords,[zalando support hotline],Keyword,1.58,Exact,Mo-Sa Erreichbar,Vertrauen Sie Experten,Sofortige Problemlösung,Keine Lust auf lange Warteschleifen? Unsere Experten helfen sofort! Deutsche Kundenbetreuung ohne Wartezeiten.,Schneller Support statt endloser Warterei. Professionelle Beratung am Telefon. Jetzt 030 123 456 789 anrufen.,https://kundenservicekomfort.de/,Search,Enabled,30,Enhanced CPC,Germany,German,Search,All
Add,KSK - Insurance,Allianz Keywords,[allianz kundenservice nummer],Keyword,2.10,Exact,Kundenservice Hilfe Sofort,Experten Beraten Sie Jetzt,Professionelle Unterstützung,Keine Lust auf lange Warteschleifen? Unsere Experten helfen sofort! Deutsche Kundenbetreuung ohne Wartezeiten.,Schneller Support statt endloser Warterei. Professionelle Beratung am Telefon. Jetzt 030 123 456 789 anrufen.,https://kundenservicekomfort.de/,Search,Enabled,25,Enhanced CPC,Germany,German,Search,All
Add,KSK - Insurance,AXA Keywords,[axa kundendienst telefon],Keyword,2.00,Exact,Schnelle Lösungen Am Telefon,Deutsche Kundenbetreuung,Kompetente Hilfe Garantiert,Kompetente Hilfe wenn andere nicht erreichbar sind. Deutsche Experten lösen Ihr Problem sofort. Kostenlose Beratung.,Direkter Draht zu echten Experten. Keine Warteschleife keine Roboter - nur professionelle Hilfe. Mo-Sa erreichbar.,https://kundenservicekomfort.de/,Search,Enabled,25,Enhanced CPC,Germany,German,Search,All
Add,KSK - Insurance,HUK Keywords,[huk coburg kundenservice],Keyword,1.95,Exact,Kostenlose Erstberatung,Zuverlässiger Support Service,030 123 456 789 Anrufen,Keine Lust auf lange Warteschleifen? Unsere Experten helfen sofort! Deutsche Kundenbetreuung ohne Wartezeiten.,Schneller Support statt endloser Warterei. Professionelle Beratung am Telefon. Jetzt 030 123 456 789 anrufen.,https://kundenservicekomfort.de/,Search,Enabled,25,Enhanced CPC,Germany,German,Search,All
Add,KSK - Insurance,ERGO Keywords,[ergo versicherung support],Keyword,1.90,Exact,Keine Wartezeiten Mehr,Qualifizierte Beratung,Direkter Kontakt Möglich,Kompetente Hilfe wenn andere nicht erreichbar sind. Deutsche Experten lösen Ihr Problem sofort. Kostenlose Beratung.,Direkter Draht zu echten Experten. Keine Warteschleife keine Roboter - nur professionelle Hilfe. Mo-Sa erreichbar.,https://kundenservicekomfort.de/,Search,Enabled,25,Enhanced CPC,Germany,German,Search,All
Add,KSK - Local Services,Berlin Keywords,kundenservice berlin,Keyword,1.40,Broad,Kundenservice Sofort Erreichen,Professionelle Hilfe Am Telefon,Ihre Fragen - Unsere Antworten,Professioneller Kundenservice ohne Wartezeiten. Deutsche Experten lösen Ihre Probleme schnell und zuverlässig.,Kompetente Beratung am Telefon. Mo-Fr 8-20 Uhr Sa 9-18 Uhr. Kostenlose Erstberatung. Jetzt 030 123 456 789 anrufen.,https://kundenservicekomfort.de/,Search,Enabled,27,Enhanced CPC,Germany,German,Search,All
Add,KSK - Local Services,Munich Keywords,kundendienst münchen,Keyword,1.45,Broad,Expertenberatung Deutschland,Schnelle Problemlösung,Kundenservice Ohne Wartezeit,Schnelle Hilfe bei allen Fragen. Freundliche geschulte Mitarbeiter beraten Sie gerne. Vertraulich und professionell.,Ihr zuverlässiger Partner für Kundenservice. Keine versteckten Kosten transparente Beratung. Sofort erreichbar.,https://kundenservicekomfort.de/,Search,Enabled,27,Enhanced CPC,Germany,German,Search,All
Add,KSK - Local Services,Hamburg Keywords,support hamburg,Keyword,1.35,Broad,030 123 456 789 Wählen,Kompetente Beratung Jetzt,Deutsche Kundenbetreuer,Professioneller Kundenservice ohne Wartezeiten. Deutsche Experten lösen Ihre Probleme schnell und zuverlässig.,Kompetente Beratung am Telefon. Mo-Fr 8-20 Uhr Sa 9-18 Uhr. Kostenlose Erstberatung. Jetzt 030 123 456 789 anrufen.,https://kundenservicekomfort.de/,Search,Enabled,27,Enhanced CPC,Germany,German,Search,All
Add,KSK - Local Services,Frankfurt Keywords,hilfe frankfurt,Keyword,1.42,Broad,Kostenlose Erstberatung,Support Wenn Sie Brauchen,Zuverlässiger Service,Schnelle Hilfe bei allen Fragen. Freundliche geschulte Mitarbeiter beraten Sie gerne. Vertraulich und professionell.,Ihr zuverlässiger Partner für Kundenservice. Keine versteckten Kosten transparente Beratung. Sofort erreichbar.,https://kundenservicekomfort.de/,Search,Enabled,27,Enhanced CPC,Germany,German,Search,All
Add,KSK - Local Services,Cologne Keywords,kundenservice köln,Keyword,1.38,Broad,Freundliche Experten,Mo-Sa Für Sie Da,Vertrauen & Kompetenz,Professioneller Kundenservice ohne Wartezeiten. Deutsche Experten lösen Ihre Probleme schnell und zuverlässig.,Kompetente Beratung am Telefon. Mo-Fr 8-20 Uhr Sa 9-18 Uhr. Kostenlose Erstberatung. Jetzt 030 123 456 789 anrufen.,https://kundenservicekomfort.de/,Search,Enabled,27,Enhanced CPC,Germany,German,Search,All